{"id":"4d471605-d924-490f-be11-67daeee9059b","version":3,"title":"M-SMART SPAIN TASK MONITORING PRODUCTION REPORT","description":null,"appName":"M-SMART SPAIN TASK MONITORING PRODUCTION","targetAppId":"00000000-0000-0000-0000-000000000000","targetAppName":null,"targetReportId":null,"created":"2021-06-22T13:30:28.500335","lastUpdate":"2021-06-22T13:30:28.500335","enabled":true,"deleted":false,"onDemandEnabled":false,"reportTypeId":"Html","entitiesXml":"<property name=\"Entities\" type=\"XMLSerializable\" class=\"TNSCOfficeReportEntityList\"><class classname=\"TNSCOfficeReportImageEntity\" name=\"0\"><properties><property name=\"ID\" type=\"UString\">{11643A4C-1D73-4FDF-9677-167ABA15DBDC}</property><property name=\"Name\" type=\"UString\">YseyrG</property><property name=\"Description\" type=\"UString\">M-Smart Spain Failure Report in Production :</property><property name=\"Label_\" type=\"UString\">YseyrG</property><property name=\"DatabaseConnectionID\" type=\"UString\">{F8A15FDF-85B6-4BC5-88E2-C7DA903ACFD6}</property><property name=\"DataObjIsEntity\" type=\"Enumeration\">True</property><property name=\"DataObjName\" type=\"UString\">YseyrG</property><property name=\"Properties\" type=\"XMLSerializable\" class=\"TNSCOfficeReportEntityPropertyList\"><values /></property><property name=\"DataEntityID\" type=\"UString\">O\\YseyrG</property></properties></class></property>","templateTree":"{\"$id\":\"1\",\"Root\":{\"$id\":\"2\",\"$type\":\"Qlik.Reporting.Reports.Tree.Template.OfficeReportNode, Qlik.Reporting.Reports.Tree\",\"ReportFormat\":\"html\",\"TemplateFileId\":\"00000000-0000-0000-0000-000000000000\",\"TemplateNodeSettings\":[{\"$id\":\"3\",\"$type\":\"Qlik.Reporting.Reports.Tree.Template.Settings.ImageNodeSettings, Qlik.Reporting.Reports.Tree\",\"ObjectId\":\"O\\\\YseyrG\",\"IdentityAndFiltersSettings\":2,\"ConnectionId\":\"f8a15fdf-85b6-4bc5-88e2-c7da903acfd6\",\"TemplateId\":\"YseyrG\",\"PropertyValues\":{\"$id\":\"4\"},\"NodeFilterIds\":[]}],\"NodeFilter\":null,\"NodeFilterIds\":[],\"Children\":[{\"$id\":\"5\",\"$type\":\"Qlik.Reporting.Reports.Tree.Template.ImageNode, Qlik.Reporting.Reports.Tree\",\"WidthMM\":0.0,\"HeightMM\":0.0,\"DefaultDpi\":96,\"Zoom\":1.0,\"KeepAspectRatioStrategy\":0,\"FallbackStrategy\":0,\"ObjectId\":\"O\\\\YseyrG\",\"NodeFilterIds\":[],\"ConnectionId\":\"f8a15fdf-85b6-4bc5-88e2-c7da903acfd6\",\"TemplateId\":\"YseyrG\",\"Settings\":{\"$ref\":\"3\"},\"HasChildren\":false,\"NodeFilter\":null,\"Children\":[]}],\"HasChildren\":true}}","dataConnections":[{"id":"f8a15fdf-85b6-4bc5-88e2-c7da903acfd6","version":18,"name":"M-SMART SPAIN TASK MONITORING PRODUCTION CONNECTION","matchingConnectionId":"00000000-0000-0000-0000-000000000000"}],"filters":[],"objectFilters":[],"cycleFields":[],"hasDynamicName":false,"hasCycle":false,"variableSequence":null,"qlikViewEntity":null,"emptyStrategy":"AddStaticContent","isQlikEntity":false}